,course,question,pct_agree,n,time
0,Chemistry 14A,apply_math,89.75265017667844,283,w3
1,Chemistry 14A,asking_questions,57.59717314487632,283,w3
2,Chemistry 14A,at_least_b,90.81272084805654,283,w3
3,Chemistry 14A,at_least_c,90.10600706713781,283,w3
4,Chemistry 14A,find_help,90.10600706713781,283,w3
5,Chemistry 14A,manage_time,76.32508833922262,283,w3
6,Chemistry 14A,own_words,75.61837455830388,283,w3
7,Chemistry 14A,study_habits,75.61837455830388,283,w3
8,Chemistry 14A,succeed,80.91872791519434,283,w3
9,Chemistry 14A,understand_study_strats,78.09187279151944,283,w3
10,Chemistry 14A,workload,73.14487632508833,283,w3
11,Chemistry 14AE,apply_math,63.63636363636363,11,w3
12,Chemistry 14AE,asking_questions,63.63636363636363,11,w3
13,Chemistry 14AE,at_least_b,81.81818181818183,11,w3
14,Chemistry 14AE,at_least_c,81.81818181818183,11,w3
15,Chemistry 14AE,find_help,90.9090909090909,11,w3
16,Chemistry 14AE,manage_time,81.81818181818183,11,w3
17,Chemistry 14AE,own_words,54.54545454545454,11,w3
18,Chemistry 14AE,study_habits,81.81818181818183,11,w3
19,Chemistry 14AE,succeed,100.0,11,w3
20,Chemistry 14AE,understand_study_strats,81.81818181818183,11,w3
21,Chemistry 14AE,workload,72.72727272727273,11,w3
22,Chemistry 14B,apply_math,70.6896551724138,58,w3
23,Chemistry 14B,asking_questions,34.48275862068966,58,w3
24,Chemistry 14B,at_least_b,82.75862068965517,58,w3
25,Chemistry 14B,at_least_c,89.65517241379311,58,w3
26,Chemistry 14B,find_help,77.58620689655173,58,w3
27,Chemistry 14B,manage_time,62.06896551724138,58,w3
28,Chemistry 14B,own_words,36.206896551724135,58,w3
29,Chemistry 14B,study_habits,70.6896551724138,58,w3
30,Chemistry 14B,succeed,50.0,58,w3
31,Chemistry 14B,understand_study_strats,75.86206896551724,58,w3
32,Chemistry 14B,workload,70.6896551724138,58,w3
33,Chemistry 14BL,apply_math,74.54545454545455,55,w3
34,Chemistry 14BL,asking_questions,58.18181818181818,55,w3
35,Chemistry 14BL,at_least_b,89.0909090909091,55,w3
36,Chemistry 14BL,at_least_c,90.9090909090909,55,w3
37,Chemistry 14BL,find_help,83.63636363636363,55,w3
38,Chemistry 14BL,manage_time,72.72727272727273,55,w3
39,Chemistry 14BL,own_words,67.27272727272727,55,w3
40,Chemistry 14BL,study_habits,76.36363636363637,55,w3
41,Chemistry 14BL,succeed,70.9090909090909,55,w3
42,Chemistry 14BL,understand_study_strats,80.0,55,w3
43,Chemistry 14BL,workload,69.0909090909091,55,w3
44,Chemistry 14C,apply_math,77.10843373493977,83,w3
45,Chemistry 14C,asking_questions,44.57831325301205,83,w3
46,Chemistry 14C,at_least_b,86.74698795180723,83,w3
47,Chemistry 14C,at_least_c,89.1566265060241,83,w3
48,Chemistry 14C,find_help,84.33734939759037,83,w3
49,Chemistry 14C,manage_time,66.26506024096386,83,w3
50,Chemistry 14C,own_words,65.06024096385542,83,w3
51,Chemistry 14C,study_habits,69.87951807228916,83,w3
52,Chemistry 14C,succeed,69.87951807228916,83,w3
53,Chemistry 14C,understand_study_strats,79.51807228915662,83,w3
54,Chemistry 14C,workload,61.44578313253012,83,w3
55,Chemistry 14D,apply_math,78.8135593220339,236,w3
56,Chemistry 14D,asking_questions,60.16949152542372,236,w3
57,Chemistry 14D,at_least_b,88.13559322033898,236,w3
58,Chemistry 14D,at_least_c,91.10169491525424,236,w3
59,Chemistry 14D,find_help,90.2542372881356,236,w3
60,Chemistry 14D,manage_time,68.22033898305084,236,w3
61,Chemistry 14D,own_words,74.57627118644068,236,w3
62,Chemistry 14D,study_habits,72.88135593220339,236,w3
63,Chemistry 14D,succeed,71.1864406779661,236,w3
64,Chemistry 14D,understand_study_strats,89.40677966101694,236,w3
65,Chemistry 14D,workload,68.64406779661016,236,w3
66,Chemistry 20A,apply_math,92.79661016949152,236,w3
67,Chemistry 20A,asking_questions,68.22033898305084,236,w3
68,Chemistry 20A,at_least_b,95.33898305084746,236,w3
69,Chemistry 20A,at_least_c,91.10169491525424,236,w3
70,Chemistry 20A,find_help,87.71186440677965,236,w3
71,Chemistry 20A,manage_time,80.50847457627118,236,w3
72,Chemistry 20A,own_words,80.50847457627118,236,w3
73,Chemistry 20A,study_habits,75.42372881355932,236,w3
74,Chemistry 20A,succeed,89.40677966101694,236,w3
75,Chemistry 20A,understand_study_strats,79.23728813559322,236,w3
76,Chemistry 20A,workload,86.86440677966102,236,w3
77,Chemistry 30A,apply_math,63.829787234042556,47,w3
78,Chemistry 30A,asking_questions,48.93617021276596,47,w3
79,Chemistry 30A,at_least_b,80.85106382978722,47,w3
80,Chemistry 30A,at_least_c,85.1063829787234,47,w3
81,Chemistry 30A,find_help,82.97872340425532,47,w3
82,Chemistry 30A,manage_time,48.93617021276596,47,w3
83,Chemistry 30A,own_words,63.829787234042556,47,w3
84,Chemistry 30A,study_habits,59.57446808510638,47,w3
85,Chemistry 30A,succeed,48.93617021276596,47,w3
86,Chemistry 30A,understand_study_strats,63.829787234042556,47,w3
87,Chemistry 30A,workload,53.191489361702125,47,w3
88,Chemistry 30AL,apply_math,87.03703703703704,54,w3
89,Chemistry 30AL,asking_questions,68.51851851851852,54,w3
90,Chemistry 30AL,at_least_b,90.74074074074075,54,w3
91,Chemistry 30AL,at_least_c,87.03703703703704,54,w3
92,Chemistry 30AL,find_help,83.33333333333334,54,w3
93,Chemistry 30AL,manage_time,81.48148148148148,54,w3
94,Chemistry 30AL,own_words,83.33333333333334,54,w3
95,Chemistry 30AL,study_habits,75.92592592592592,54,w3
96,Chemistry 30AL,succeed,87.03703703703704,54,w3
97,Chemistry 30AL,understand_study_strats,88.88888888888889,54,w3
98,Chemistry 30AL,workload,79.62962962962963,54,w3
99,Chemistry 30B,apply_math,84.34343434343434,198,w3
100,Chemistry 30B,asking_questions,60.60606060606061,198,w3
101,Chemistry 30B,at_least_b,85.35353535353535,198,w3
102,Chemistry 30B,at_least_c,85.35353535353535,198,w3
103,Chemistry 30B,find_help,87.87878787878788,198,w3
104,Chemistry 30B,manage_time,69.1919191919192,198,w3
105,Chemistry 30B,own_words,79.7979797979798,198,w3
106,Chemistry 30B,study_habits,72.72727272727273,198,w3
107,Chemistry 30B,succeed,72.72727272727273,198,w3
108,Chemistry 30B,understand_study_strats,84.34343434343434,198,w3
109,Chemistry 30B,workload,72.22222222222221,198,w3
110,Chemistry 30CL,apply_math,80.0,20,w3
111,Chemistry 30CL,asking_questions,70.0,20,w3
112,Chemistry 30CL,at_least_b,100.0,20,w3
113,Chemistry 30CL,at_least_c,95.0,20,w3
114,Chemistry 30CL,find_help,95.0,20,w3
115,Chemistry 30CL,manage_time,60.0,20,w3
116,Chemistry 30CL,own_words,90.0,20,w3
117,Chemistry 30CL,study_habits,75.0,20,w3
118,Chemistry 30CL,succeed,90.0,20,w3
119,Chemistry 30CL,understand_study_strats,90.0,20,w3
120,Chemistry 30CL,workload,85.0,20,w3
121,Chemistry 14A,challenges_are_growth,91.92307692307692,260,w3
122,Chemistry 14A,confident,96.15384615384616,260,w3
123,Chemistry 14A,develop_intelligence,98.46153846153847,260,w3
124,Chemistry 14A,improve_skills,98.46153846153847,260,w3
125,Chemistry 14A,mistakes_are_learning,96.53846153846153,260,w3
126,Chemistry 14A,motivate,83.84615384615385,260,w3
127,Chemistry 14A,reflect,84.23076923076923,260,w3
128,Chemistry 14A,seek_help,83.84615384615385,260,w3
129,Chemistry 14A,unfamiliar,76.15384615384615,260,w3
130,Chemistry 14A,when_struggle_find_way,90.0,260,w3
131,Chemistry 14AE,challenges_are_growth,83.33333333333334,6,w3
132,Chemistry 14AE,confident,100.0,6,w3
133,Chemistry 14AE,develop_intelligence,100.0,6,w3
134,Chemistry 14AE,improve_skills,83.33333333333334,6,w3
135,Chemistry 14AE,mistakes_are_learning,100.0,6,w3
136,Chemistry 14AE,motivate,66.66666666666666,6,w3
137,Chemistry 14AE,reflect,100.0,6,w3
138,Chemistry 14AE,seek_help,100.0,6,w3
139,Chemistry 14AE,unfamiliar,83.33333333333334,6,w3
140,Chemistry 14AE,when_struggle_find_way,83.33333333333334,6,w3
141,Chemistry 14B,challenges_are_growth,79.59183673469387,49,w3
142,Chemistry 14B,confident,81.63265306122449,49,w3
143,Chemistry 14B,develop_intelligence,91.83673469387756,49,w3
144,Chemistry 14B,improve_skills,91.83673469387756,49,w3
145,Chemistry 14B,mistakes_are_learning,95.91836734693877,49,w3
146,Chemistry 14B,motivate,67.3469387755102,49,w3
147,Chemistry 14B,reflect,75.51020408163265,49,w3
148,Chemistry 14B,seek_help,67.3469387755102,49,w3
149,Chemistry 14B,unfamiliar,51.02040816326531,49,w3
150,Chemistry 14B,when_struggle_find_way,75.51020408163265,49,w3
151,Chemistry 14BL,challenges_are_growth,80.95238095238095,42,w3
152,Chemistry 14BL,confident,78.57142857142857,42,w3
153,Chemistry 14BL,develop_intelligence,90.47619047619048,42,w3
154,Chemistry 14BL,improve_skills,92.85714285714286,42,w3
155,Chemistry 14BL,mistakes_are_learning,95.23809523809523,42,w3
156,Chemistry 14BL,motivate,78.57142857142857,42,w3
157,Chemistry 14BL,reflect,88.09523809523809,42,w3
158,Chemistry 14BL,seek_help,73.80952380952381,42,w3
159,Chemistry 14BL,unfamiliar,57.14285714285714,42,w3
160,Chemistry 14BL,when_struggle_find_way,78.57142857142857,42,w3
161,Chemistry 14C,challenges_are_growth,86.56716417910447,67,w3
162,Chemistry 14C,confident,83.5820895522388,67,w3
163,Chemistry 14C,develop_intelligence,97.01492537313433,67,w3
164,Chemistry 14C,improve_skills,97.01492537313433,67,w3
165,Chemistry 14C,mistakes_are_learning,91.04477611940298,67,w3
166,Chemistry 14C,motivate,85.07462686567165,67,w3
167,Chemistry 14C,reflect,83.5820895522388,67,w3
168,Chemistry 14C,seek_help,85.07462686567165,67,w3
169,Chemistry 14C,unfamiliar,59.70149253731343,67,w3
170,Chemistry 14C,when_struggle_find_way,89.55223880597015,67,w3
171,Chemistry 14D,challenges_are_growth,86.32478632478633,234,w3
172,Chemistry 14D,confident,88.46153846153845,234,w3
173,Chemistry 14D,develop_intelligence,95.2991452991453,234,w3
174,Chemistry 14D,improve_skills,96.58119658119658,234,w3
175,Chemistry 14D,mistakes_are_learning,94.87179487179486,234,w3
176,Chemistry 14D,motivate,82.90598290598291,234,w3
177,Chemistry 14D,reflect,84.61538461538461,234,w3
178,Chemistry 14D,seek_help,82.47863247863248,234,w3
179,Chemistry 14D,unfamiliar,64.95726495726495,234,w3
180,Chemistry 14D,when_struggle_find_way,85.47008547008546,234,w3
181,Chemistry 20A,challenges_are_growth,89.49771689497716,219,w3
182,Chemistry 20A,confident,94.52054794520548,219,w3
183,Chemistry 20A,develop_intelligence,98.17351598173516,219,w3
184,Chemistry 20A,improve_skills,99.08675799086758,219,w3
185,Chemistry 20A,mistakes_are_learning,96.34703196347031,219,w3
186,Chemistry 20A,motivate,88.12785388127854,219,w3
187,Chemistry 20A,reflect,79.90867579908677,219,w3
188,Chemistry 20A,seek_help,84.47488584474885,219,w3
189,Chemistry 20A,unfamiliar,77.6255707762557,219,w3
190,Chemistry 20A,when_struggle_find_way,92.23744292237443,219,w3
191,Chemistry 30A,challenges_are_growth,79.59183673469387,49,w3
192,Chemistry 30A,confident,89.79591836734694,49,w3
193,Chemistry 30A,develop_intelligence,95.91836734693877,49,w3
194,Chemistry 30A,improve_skills,93.87755102040816,49,w3
195,Chemistry 30A,mistakes_are_learning,85.71428571428571,49,w3
196,Chemistry 30A,motivate,71.42857142857143,49,w3
197,Chemistry 30A,reflect,77.55102040816327,49,w3
198,Chemistry 30A,seek_help,69.38775510204081,49,w3
199,Chemistry 30A,unfamiliar,61.224489795918366,49,w3
200,Chemistry 30A,when_struggle_find_way,71.42857142857143,49,w3
201,Chemistry 30AL,challenges_are_growth,87.03703703703704,54,w3
202,Chemistry 30AL,confident,79.62962962962963,54,w3
203,Chemistry 30AL,develop_intelligence,98.14814814814815,54,w3
204,Chemistry 30AL,improve_skills,94.44444444444444,54,w3
205,Chemistry 30AL,mistakes_are_learning,90.74074074074075,54,w3
206,Chemistry 30AL,motivate,79.62962962962963,54,w3
207,Chemistry 30AL,reflect,79.62962962962963,54,w3
208,Chemistry 30AL,seek_help,75.92592592592592,54,w3
209,Chemistry 30AL,unfamiliar,68.51851851851852,54,w3
210,Chemistry 30AL,when_struggle_find_way,88.88888888888889,54,w3
211,Chemistry 30B,challenges_are_growth,88.17733990147784,203,w3
212,Chemistry 30B,confident,88.17733990147784,203,w3
213,Chemistry 30B,develop_intelligence,98.0295566502463,203,w3
214,Chemistry 30B,improve_skills,97.53694581280789,203,w3
215,Chemistry 30B,mistakes_are_learning,96.55172413793103,203,w3
216,Chemistry 30B,motivate,78.81773399014779,203,w3
217,Chemistry 30B,reflect,83.74384236453201,203,w3
218,Chemistry 30B,seek_help,81.2807881773399,203,w3
219,Chemistry 30B,unfamiliar,66.00985221674877,203,w3
220,Chemistry 30B,when_struggle_find_way,81.77339901477832,203,w3
221,Chemistry 30CL,challenges_are_growth,86.66666666666667,15,w3
222,Chemistry 30CL,confident,80.0,15,w3
223,Chemistry 30CL,develop_intelligence,86.66666666666667,15,w3
224,Chemistry 30CL,improve_skills,93.33333333333333,15,w3
225,Chemistry 30CL,mistakes_are_learning,93.33333333333333,15,w3
226,Chemistry 30CL,motivate,73.33333333333333,15,w3
227,Chemistry 30CL,reflect,80.0,15,w3
228,Chemistry 30CL,seek_help,80.0,15,w3
229,Chemistry 30CL,unfamiliar,60.0,15,w3
230,Chemistry 30CL,when_struggle_find_way,86.66666666666667,15,w3
231,Chemistry 14A,apply_math,89.47368421052632,247,w10
232,Chemistry 14A,asking_questions,66.39676113360325,247,w10
233,Chemistry 14A,at_least_c,95.95141700404858,247,w10
234,Chemistry 14A,find_help,92.3076923076923,247,w10
235,Chemistry 14A,manage_time,85.02024291497976,247,w10
236,Chemistry 14A,own_words,91.09311740890689,247,w10
237,Chemistry 14A,peer_learning,4.048582995951417,247,w10
238,Chemistry 14A,study_habits,83.40080971659918,247,w10
239,Chemistry 14A,understand_study_strats,93.52226720647774,247,w10
240,Chemistry 14A,workload,80.16194331983806,247,w10
241,Chemistry 14AE,apply_math,76.74418604651163,43,w10
242,Chemistry 14AE,asking_questions,67.44186046511628,43,w10
243,Chemistry 14AE,at_least_c,93.02325581395348,43,w10
244,Chemistry 14AE,find_help,76.74418604651163,43,w10
245,Chemistry 14AE,manage_time,51.162790697674424,43,w10
246,Chemistry 14AE,own_words,79.06976744186046,43,w10
247,Chemistry 14AE,peer_learning,4.651162790697675,43,w10
248,Chemistry 14AE,study_habits,65.11627906976744,43,w10
249,Chemistry 14AE,understand_study_strats,79.06976744186046,43,w10
250,Chemistry 14AE,workload,58.139534883720934,43,w10
251,Chemistry 14B,apply_math,67.3076923076923,52,w10
252,Chemistry 14B,asking_questions,44.230769230769226,52,w10
253,Chemistry 14B,at_least_c,88.46153846153845,52,w10
254,Chemistry 14B,find_help,82.6923076923077,52,w10
255,Chemistry 14B,manage_time,61.53846153846154,52,w10
256,Chemistry 14B,own_words,59.61538461538461,52,w10
257,Chemistry 14B,peer_learning,0.0,52,w10
258,Chemistry 14B,study_habits,59.61538461538461,52,w10
259,Chemistry 14B,understand_study_strats,86.53846153846155,52,w10
260,Chemistry 14B,workload,61.53846153846154,52,w10
261,Chemistry 14BL,apply_math,71.76079734219269,301,w10
262,Chemistry 14BL,asking_questions,60.797342192691026,301,w10
263,Chemistry 14BL,at_least_c,91.0299003322259,301,w10
264,Chemistry 14BL,find_help,79.06976744186046,301,w10
265,Chemistry 14BL,manage_time,68.10631229235881,301,w10
266,Chemistry 14BL,own_words,73.75415282392026,301,w10
267,Chemistry 14BL,peer_learning,2.990033222591362,301,w10
268,Chemistry 14BL,study_habits,69.43521594684385,301,w10
269,Chemistry 14BL,understand_study_strats,81.06312292358804,301,w10
270,Chemistry 14BL,workload,66.77740863787376,301,w10
271,Chemistry 14C,apply_math,66.66666666666666,3,w10
272,Chemistry 14C,asking_questions,100.0,3,w10
273,Chemistry 14C,at_least_c,100.0,3,w10
274,Chemistry 14C,find_help,100.0,3,w10
275,Chemistry 14C,manage_time,100.0,3,w10
276,Chemistry 14C,own_words,100.0,3,w10
277,Chemistry 14C,peer_learning,0.0,3,w10
278,Chemistry 14C,study_habits,100.0,3,w10
279,Chemistry 14C,understand_study_strats,100.0,3,w10
280,Chemistry 14C,workload,100.0,3,w10
281,Chemistry 14CL,apply_math,100.0,1,w10
282,Chemistry 14CL,asking_questions,100.0,1,w10
283,Chemistry 14CL,at_least_c,100.0,1,w10
284,Chemistry 14CL,find_help,0.0,1,w10
285,Chemistry 14CL,manage_time,100.0,1,w10
286,Chemistry 14CL,own_words,100.0,1,w10
287,Chemistry 14CL,peer_learning,0.0,1,w10
288,Chemistry 14CL,study_habits,100.0,1,w10
289,Chemistry 14CL,understand_study_strats,100.0,1,w10
290,Chemistry 14CL,workload,100.0,1,w10
291,Chemistry 14D,apply_math,80.78175895765473,307,w10
292,Chemistry 14D,asking_questions,67.10097719869707,307,w10
293,Chemistry 14D,at_least_c,91.85667752442997,307,w10
294,Chemistry 14D,find_help,79.15309446254072,307,w10
295,Chemistry 14D,manage_time,65.79804560260585,307,w10
296,Chemistry 14D,own_words,86.64495114006515,307,w10
297,Chemistry 14D,peer_learning,1.9543973941368076,307,w10
298,Chemistry 14D,study_habits,72.9641693811075,307,w10
299,Chemistry 14D,understand_study_strats,89.57654723127035,307,w10
300,Chemistry 14D,workload,66.44951140065146,307,w10
301,Chemistry 20A,apply_math,91.22807017543859,171,w10
302,Chemistry 20A,asking_questions,79.53216374269006,171,w10
303,Chemistry 20A,at_least_c,92.98245614035088,171,w10
304,Chemistry 20A,find_help,87.71929824561403,171,w10
305,Chemistry 20A,manage_time,80.11695906432749,171,w10
306,Chemistry 20A,own_words,88.88888888888889,171,w10
307,Chemistry 20A,peer_learning,2.3391812865497075,171,w10
308,Chemistry 20A,study_habits,80.11695906432749,171,w10
309,Chemistry 20A,understand_study_strats,88.88888888888889,171,w10
310,Chemistry 20A,workload,84.7953216374269,171,w10
311,Chemistry 30A,apply_math,73.68421052631578,19,w10
312,Chemistry 30A,asking_questions,47.368421052631575,19,w10
313,Chemistry 30A,at_least_c,89.47368421052632,19,w10
314,Chemistry 30A,find_help,57.89473684210527,19,w10
315,Chemistry 30A,manage_time,73.68421052631578,19,w10
316,Chemistry 30A,own_words,84.21052631578947,19,w10
317,Chemistry 30A,peer_learning,10.526315789473683,19,w10
318,Chemistry 30A,study_habits,73.68421052631578,19,w10
319,Chemistry 30A,understand_study_strats,89.47368421052632,19,w10
320,Chemistry 30A,workload,63.1578947368421,19,w10
321,Chemistry 30AL,apply_math,75.0,4,w10
322,Chemistry 30AL,asking_questions,100.0,4,w10
323,Chemistry 30AL,at_least_c,100.0,4,w10
324,Chemistry 30AL,find_help,75.0,4,w10
325,Chemistry 30AL,manage_time,50.0,4,w10
326,Chemistry 30AL,own_words,100.0,4,w10
327,Chemistry 30AL,peer_learning,0.0,4,w10
328,Chemistry 30AL,study_habits,100.0,4,w10
329,Chemistry 30AL,understand_study_strats,100.0,4,w10
330,Chemistry 30AL,workload,100.0,4,w10
331,Chemistry 30B,apply_math,81.30841121495327,214,w10
332,Chemistry 30B,asking_questions,69.1588785046729,214,w10
333,Chemistry 30B,at_least_c,90.65420560747664,214,w10
334,Chemistry 30B,find_help,88.78504672897196,214,w10
335,Chemistry 30B,manage_time,70.09345794392523,214,w10
336,Chemistry 30B,own_words,89.25233644859813,214,w10
337,Chemistry 30B,peer_learning,3.2710280373831773,214,w10
338,Chemistry 30B,study_habits,71.02803738317756,214,w10
339,Chemistry 30B,understand_study_strats,90.18691588785047,214,w10
340,Chemistry 30B,workload,74.29906542056075,214,w10
341,Chemistry 30BL,apply_math,95.0,20,w10
342,Chemistry 30BL,asking_questions,85.0,20,w10
343,Chemistry 30BL,at_least_c,95.0,20,w10
344,Chemistry 30BL,find_help,85.0,20,w10
345,Chemistry 30BL,manage_time,75.0,20,w10
346,Chemistry 30BL,own_words,95.0,20,w10
347,Chemistry 30BL,peer_learning,0.0,20,w10
348,Chemistry 30BL,study_habits,70.0,20,w10
349,Chemistry 30BL,understand_study_strats,95.0,20,w10
350,Chemistry 30BL,workload,65.0,20,w10
351,Chemistry 30CL,apply_math,71.42857142857143,7,w10
352,Chemistry 30CL,asking_questions,71.42857142857143,7,w10
353,Chemistry 30CL,at_least_c,100.0,7,w10
354,Chemistry 30CL,find_help,71.42857142857143,7,w10
355,Chemistry 30CL,manage_time,57.14285714285714,7,w10
356,Chemistry 30CL,own_words,71.42857142857143,7,w10
357,Chemistry 30CL,peer_learning,0.0,7,w10
358,Chemistry 30CL,study_habits,57.14285714285714,7,w10
359,Chemistry 30CL,understand_study_strats,71.42857142857143,7,w10
360,Chemistry 30CL,workload,71.42857142857143,7,w10
361,Chemistry 14A,challenges_are_growth,92.08333333333333,240,w10
362,Chemistry 14A,confident,83.75,240,w10
363,Chemistry 14A,develop_intelligence,96.66666666666667,240,w10
364,Chemistry 14A,improve_skills,95.41666666666667,240,w10
365,Chemistry 14A,mistakes_are_learning,95.83333333333334,240,w10
366,Chemistry 14A,motivate,85.83333333333333,240,w10
367,Chemistry 14A,reflect,91.25,240,w10
368,Chemistry 14A,seek_help,87.08333333333333,240,w10
369,Chemistry 14A,unfamiliar,78.75,240,w10
370,Chemistry 14A,when_struggle_find_way,92.08333333333333,240,w10
371,Chemistry 14AE,challenges_are_growth,90.0,40,w10
372,Chemistry 14AE,confident,75.0,40,w10
373,Chemistry 14AE,develop_intelligence,92.5,40,w10
374,Chemistry 14AE,improve_skills,92.5,40,w10
375,Chemistry 14AE,mistakes_are_learning,87.5,40,w10
376,Chemistry 14AE,motivate,67.5,40,w10
377,Chemistry 14AE,reflect,77.5,40,w10
378,Chemistry 14AE,seek_help,80.0,40,w10
379,Chemistry 14AE,unfamiliar,57.49999999999999,40,w10
380,Chemistry 14AE,when_struggle_find_way,82.5,40,w10
381,Chemistry 14B,challenges_are_growth,76.47058823529412,51,w10
382,Chemistry 14B,confident,49.01960784313725,51,w10
383,Chemistry 14B,develop_intelligence,92.15686274509804,51,w10
384,Chemistry 14B,improve_skills,96.07843137254902,51,w10
385,Chemistry 14B,mistakes_are_learning,92.15686274509804,51,w10
386,Chemistry 14B,motivate,72.54901960784314,51,w10
387,Chemistry 14B,reflect,78.43137254901961,51,w10
388,Chemistry 14B,seek_help,58.82352941176471,51,w10
389,Chemistry 14B,unfamiliar,52.94117647058824,51,w10
390,Chemistry 14B,when_struggle_find_way,76.47058823529412,51,w10
391,Chemistry 14BL,challenges_are_growth,77.8169014084507,284,w10
392,Chemistry 14BL,confident,62.676056338028175,284,w10
393,Chemistry 14BL,develop_intelligence,87.67605633802818,284,w10
394,Chemistry 14BL,improve_skills,88.73239436619718,284,w10
395,Chemistry 14BL,mistakes_are_learning,86.97183098591549,284,w10
396,Chemistry 14BL,motivate,77.46478873239437,284,w10
397,Chemistry 14BL,reflect,81.69014084507043,284,w10
398,Chemistry 14BL,seek_help,73.94366197183099,284,w10
399,Chemistry 14BL,unfamiliar,57.74647887323944,284,w10
400,Chemistry 14BL,when_struggle_find_way,79.5774647887324,284,w10
401,Chemistry 14C,challenges_are_growth,100.0,1,w10
402,Chemistry 14C,confident,100.0,1,w10
403,Chemistry 14C,develop_intelligence,100.0,1,w10
404,Chemistry 14C,improve_skills,100.0,1,w10
405,Chemistry 14C,mistakes_are_learning,100.0,1,w10
406,Chemistry 14C,motivate,100.0,1,w10
407,Chemistry 14C,reflect,100.0,1,w10
408,Chemistry 14C,seek_help,100.0,1,w10
409,Chemistry 14C,unfamiliar,100.0,1,w10
410,Chemistry 14C,when_struggle_find_way,100.0,1,w10
411,Chemistry 14CL,challenges_are_growth,100.0,1,w10
412,Chemistry 14CL,confident,100.0,1,w10
413,Chemistry 14CL,develop_intelligence,100.0,1,w10
414,Chemistry 14CL,improve_skills,100.0,1,w10
415,Chemistry 14CL,mistakes_are_learning,100.0,1,w10
416,Chemistry 14CL,motivate,0.0,1,w10
417,Chemistry 14CL,reflect,100.0,1,w10
418,Chemistry 14CL,seek_help,100.0,1,w10
419,Chemistry 14CL,unfamiliar,100.0,1,w10
420,Chemistry 14CL,when_struggle_find_way,100.0,1,w10
421,Chemistry 14D,challenges_are_growth,82.82442748091603,262,w10
422,Chemistry 14D,confident,75.57251908396947,262,w10
423,Chemistry 14D,develop_intelligence,90.83969465648855,262,w10
424,Chemistry 14D,improve_skills,92.74809160305344,262,w10
425,Chemistry 14D,mistakes_are_learning,92.74809160305344,262,w10
426,Chemistry 14D,motivate,79.00763358778626,262,w10
427,Chemistry 14D,reflect,85.49618320610686,262,w10
428,Chemistry 14D,seek_help,71.37404580152672,262,w10
429,Chemistry 14D,unfamiliar,65.2671755725191,262,w10
430,Chemistry 14D,when_struggle_find_way,85.87786259541986,262,w10
431,Chemistry 20A,challenges_are_growth,91.22807017543859,171,w10
432,Chemistry 20A,confident,85.96491228070175,171,w10
433,Chemistry 20A,develop_intelligence,94.15204678362574,171,w10
434,Chemistry 20A,improve_skills,95.90643274853801,171,w10
435,Chemistry 20A,mistakes_are_learning,92.98245614035088,171,w10
436,Chemistry 20A,motivate,84.7953216374269,171,w10
437,Chemistry 20A,reflect,86.54970760233918,171,w10
438,Chemistry 20A,seek_help,89.47368421052632,171,w10
439,Chemistry 20A,unfamiliar,78.94736842105263,171,w10
440,Chemistry 20A,when_struggle_find_way,92.39766081871345,171,w10
441,Chemistry 30A,challenges_are_growth,84.21052631578947,19,w10
442,Chemistry 30A,confident,57.89473684210527,19,w10
443,Chemistry 30A,develop_intelligence,89.47368421052632,19,w10
444,Chemistry 30A,improve_skills,94.73684210526315,19,w10
445,Chemistry 30A,mistakes_are_learning,94.73684210526315,19,w10
446,Chemistry 30A,motivate,84.21052631578947,19,w10
447,Chemistry 30A,reflect,89.47368421052632,19,w10
448,Chemistry 30A,seek_help,73.68421052631578,19,w10
449,Chemistry 30A,unfamiliar,52.63157894736842,19,w10
450,Chemistry 30A,when_struggle_find_way,89.47368421052632,19,w10
451,Chemistry 30AL,challenges_are_growth,66.66666666666666,3,w10
452,Chemistry 30AL,confident,66.66666666666666,3,w10
453,Chemistry 30AL,develop_intelligence,66.66666666666666,3,w10
454,Chemistry 30AL,improve_skills,100.0,3,w10
455,Chemistry 30AL,mistakes_are_learning,100.0,3,w10
456,Chemistry 30AL,motivate,66.66666666666666,3,w10
457,Chemistry 30AL,reflect,33.33333333333333,3,w10
458,Chemistry 30AL,seek_help,66.66666666666666,3,w10
459,Chemistry 30AL,unfamiliar,33.33333333333333,3,w10
460,Chemistry 30AL,when_struggle_find_way,100.0,3,w10
461,Chemistry 30B,challenges_are_growth,89.67136150234741,213,w10
462,Chemistry 30B,confident,64.7887323943662,213,w10
463,Chemistry 30B,develop_intelligence,94.83568075117371,213,w10
464,Chemistry 30B,improve_skills,96.24413145539906,213,w10
465,Chemistry 30B,mistakes_are_learning,96.71361502347418,213,w10
466,Chemistry 30B,motivate,81.69014084507043,213,w10
467,Chemistry 30B,reflect,84.03755868544602,213,w10
468,Chemistry 30B,seek_help,83.56807511737088,213,w10
469,Chemistry 30B,unfamiliar,68.07511737089203,213,w10
470,Chemistry 30B,when_struggle_find_way,84.97652582159625,213,w10
471,Chemistry 30BL,challenges_are_growth,88.88888888888889,18,w10
472,Chemistry 30BL,confident,66.66666666666666,18,w10
473,Chemistry 30BL,develop_intelligence,94.44444444444444,18,w10
474,Chemistry 30BL,improve_skills,94.44444444444444,18,w10
475,Chemistry 30BL,mistakes_are_learning,88.88888888888889,18,w10
476,Chemistry 30BL,motivate,77.77777777777779,18,w10
477,Chemistry 30BL,reflect,77.77777777777779,18,w10
478,Chemistry 30BL,seek_help,88.88888888888889,18,w10
479,Chemistry 30BL,unfamiliar,77.77777777777779,18,w10
480,Chemistry 30BL,when_struggle_find_way,94.44444444444444,18,w10
481,Chemistry 30CL,challenges_are_growth,85.71428571428571,7,w10
482,Chemistry 30CL,confident,100.0,7,w10
483,Chemistry 30CL,develop_intelligence,85.71428571428571,7,w10
484,Chemistry 30CL,improve_skills,85.71428571428571,7,w10
485,Chemistry 30CL,mistakes_are_learning,85.71428571428571,7,w10
486,Chemistry 30CL,motivate,71.42857142857143,7,w10
487,Chemistry 30CL,reflect,57.14285714285714,7,w10
488,Chemistry 30CL,seek_help,57.14285714285714,7,w10
489,Chemistry 30CL,unfamiliar,57.14285714285714,7,w10
490,Chemistry 30CL,when_struggle_find_way,100.0,7,w10
491,Chemistry 14A,be_myself,86.66666666666667,270,w3
492,Chemistry 14A,belong,87.03703703703704,270,w3
493,Chemistry 14A,continuing,92.5925925925926,270,w3
494,Chemistry 14A,contributions_valued,69.62962962962963,270,w3
495,Chemistry 14A,instructor_cares,89.62962962962962,270,w3
496,Chemistry 14A,part_of_community,87.77777777777777,270,w3
497,Chemistry 14A,peers_respect,78.51851851851852,270,w3
498,Chemistry 14A,study_buddy,84.07407407407408,270,w3
499,Chemistry 14A,supported_department,81.11111111111111,270,w3
500,Chemistry 14A,work_in_groups,81.85185185185185,270,w3
501,Chemistry 14AE,be_myself,83.33333333333334,6,w3
502,Chemistry 14AE,belong,100.0,6,w3
503,Chemistry 14AE,continuing,66.66666666666666,6,w3
504,Chemistry 14AE,contributions_valued,83.33333333333334,6,w3
505,Chemistry 14AE,instructor_cares,100.0,6,w3
506,Chemistry 14AE,part_of_community,66.66666666666666,6,w3
507,Chemistry 14AE,peers_respect,100.0,6,w3
508,Chemistry 14AE,study_buddy,100.0,6,w3
509,Chemistry 14AE,supported_department,83.33333333333334,6,w3
510,Chemistry 14AE,work_in_groups,100.0,6,w3
511,Chemistry 14B,be_myself,80.0,50,w3
512,Chemistry 14B,belong,82.0,50,w3
513,Chemistry 14B,continuing,84.0,50,w3
514,Chemistry 14B,contributions_valued,54.0,50,w3
515,Chemistry 14B,instructor_cares,76.0,50,w3
516,Chemistry 14B,part_of_community,68.0,50,w3
517,Chemistry 14B,peers_respect,72.0,50,w3
518,Chemistry 14B,study_buddy,86.0,50,w3
519,Chemistry 14B,supported_department,56.00000000000001,50,w3
520,Chemistry 14B,work_in_groups,74.0,50,w3
521,Chemistry 14BL,be_myself,77.27272727272727,44,w3
522,Chemistry 14BL,belong,72.72727272727273,44,w3
523,Chemistry 14BL,continuing,77.27272727272727,44,w3
524,Chemistry 14BL,contributions_valued,61.36363636363637,44,w3
525,Chemistry 14BL,instructor_cares,65.9090909090909,44,w3
526,Chemistry 14BL,part_of_community,70.45454545454545,44,w3
527,Chemistry 14BL,peers_respect,79.54545454545455,44,w3
528,Chemistry 14BL,study_buddy,79.54545454545455,44,w3
529,Chemistry 14BL,supported_department,63.63636363636363,44,w3
530,Chemistry 14BL,work_in_groups,88.63636363636364,44,w3
531,Chemistry 14C,be_myself,77.77777777777779,72,w3
532,Chemistry 14C,belong,79.16666666666666,72,w3
533,Chemistry 14C,continuing,93.05555555555556,72,w3
534,Chemistry 14C,contributions_valued,54.166666666666664,72,w3
535,Chemistry 14C,instructor_cares,86.11111111111111,72,w3
536,Chemistry 14C,part_of_community,73.61111111111111,72,w3
537,Chemistry 14C,peers_respect,70.83333333333334,72,w3
538,Chemistry 14C,study_buddy,77.77777777777779,72,w3
539,Chemistry 14C,supported_department,63.888888888888886,72,w3
540,Chemistry 14C,work_in_groups,69.44444444444444,72,w3
541,Chemistry 14CL,be_myself,100.0,1,w3
542,Chemistry 14CL,belong,100.0,1,w3
543,Chemistry 14CL,continuing,100.0,1,w3
544,Chemistry 14CL,contributions_valued,100.0,1,w3
545,Chemistry 14CL,instructor_cares,100.0,1,w3
546,Chemistry 14CL,part_of_community,100.0,1,w3
547,Chemistry 14CL,peers_respect,100.0,1,w3
548,Chemistry 14CL,study_buddy,100.0,1,w3
549,Chemistry 14CL,supported_department,100.0,1,w3
550,Chemistry 14CL,work_in_groups,100.0,1,w3
551,Chemistry 14D,be_myself,76.99115044247787,226,w3
552,Chemistry 14D,belong,81.41592920353983,226,w3
553,Chemistry 14D,continuing,80.53097345132744,226,w3
554,Chemistry 14D,contributions_valued,61.94690265486725,226,w3
555,Chemistry 14D,instructor_cares,94.24778761061947,226,w3
556,Chemistry 14D,part_of_community,79.20353982300885,226,w3
557,Chemistry 14D,peers_respect,75.22123893805309,226,w3
558,Chemistry 14D,study_buddy,75.66371681415929,226,w3
559,Chemistry 14D,supported_department,65.04424778761062,226,w3
560,Chemistry 14D,work_in_groups,76.10619469026548,226,w3
561,Chemistry 20A,be_myself,84.86238532110092,218,w3
562,Chemistry 20A,belong,87.1559633027523,218,w3
563,Chemistry 20A,continuing,94.03669724770643,218,w3
564,Chemistry 20A,contributions_valued,60.09174311926605,218,w3
565,Chemistry 20A,instructor_cares,95.87155963302753,218,w3
566,Chemistry 20A,part_of_community,83.94495412844036,218,w3
567,Chemistry 20A,peers_respect,68.80733944954129,218,w3
568,Chemistry 20A,study_buddy,82.11009174311926,218,w3
569,Chemistry 20A,supported_department,77.06422018348624,218,w3
570,Chemistry 20A,work_in_groups,78.44036697247707,218,w3
571,Chemistry 30A,be_myself,79.16666666666666,48,w3
572,Chemistry 30A,belong,77.08333333333334,48,w3
573,Chemistry 30A,continuing,89.58333333333334,48,w3
574,Chemistry 30A,contributions_valued,50.0,48,w3
575,Chemistry 30A,instructor_cares,81.25,48,w3
576,Chemistry 30A,part_of_community,75.0,48,w3
577,Chemistry 30A,peers_respect,64.58333333333334,48,w3
578,Chemistry 30A,study_buddy,56.25,48,w3
579,Chemistry 30A,supported_department,58.333333333333336,48,w3
580,Chemistry 30A,work_in_groups,68.75,48,w3
581,Chemistry 30AL,be_myself,80.3921568627451,51,w3
582,Chemistry 30AL,belong,86.27450980392157,51,w3
583,Chemistry 30AL,continuing,94.11764705882352,51,w3
584,Chemistry 30AL,contributions_valued,76.47058823529412,51,w3
585,Chemistry 30AL,instructor_cares,74.50980392156863,51,w3
586,Chemistry 30AL,part_of_community,82.35294117647058,51,w3
587,Chemistry 30AL,peers_respect,90.19607843137256,51,w3
588,Chemistry 30AL,study_buddy,78.43137254901961,51,w3
589,Chemistry 30AL,supported_department,74.50980392156863,51,w3
590,Chemistry 30AL,work_in_groups,96.07843137254902,51,w3
591,Chemistry 30B,be_myself,82.08955223880598,201,w3
592,Chemistry 30B,belong,86.06965174129353,201,w3
593,Chemistry 30B,continuing,94.02985074626866,201,w3
594,Chemistry 30B,contributions_valued,56.71641791044776,201,w3
595,Chemistry 30B,instructor_cares,91.04477611940298,201,w3
596,Chemistry 30B,part_of_community,82.58706467661692,201,w3
597,Chemistry 30B,peers_respect,74.6268656716418,201,w3
598,Chemistry 30B,study_buddy,85.07462686567165,201,w3
599,Chemistry 30B,supported_department,70.64676616915423,201,w3
600,Chemistry 30B,work_in_groups,81.09452736318407,201,w3
601,Chemistry 30BL,be_myself,0.0,1,w3
602,Chemistry 30BL,belong,100.0,1,w3
603,Chemistry 30BL,continuing,100.0,1,w3
604,Chemistry 30BL,contributions_valued,0.0,1,w3
605,Chemistry 30BL,instructor_cares,100.0,1,w3
606,Chemistry 30BL,part_of_community,100.0,1,w3
607,Chemistry 30BL,peers_respect,0.0,1,w3
608,Chemistry 30BL,study_buddy,0.0,1,w3
609,Chemistry 30BL,supported_department,0.0,1,w3
610,Chemistry 30BL,work_in_groups,100.0,1,w3
611,Chemistry 30CL,be_myself,87.5,16,w3
612,Chemistry 30CL,belong,87.5,16,w3
613,Chemistry 30CL,continuing,93.75,16,w3
614,Chemistry 30CL,contributions_valued,93.75,16,w3
615,Chemistry 30CL,instructor_cares,100.0,16,w3
616,Chemistry 30CL,part_of_community,93.75,16,w3
617,Chemistry 30CL,peers_respect,87.5,16,w3
618,Chemistry 30CL,study_buddy,93.75,16,w3
619,Chemistry 30CL,supported_department,68.75,16,w3
620,Chemistry 30CL,work_in_groups,81.25,16,w3
621,Chemistry 14A,be_myself,83.98268398268398,231,w10
622,Chemistry 14A,belong,90.9090909090909,231,w10
623,Chemistry 14A,continuing,86.58008658008657,231,w10
624,Chemistry 14A,contributions_valued,70.56277056277057,231,w10
625,Chemistry 14A,instructor_cares,90.47619047619048,231,w10
626,Chemistry 14A,part_of_community,88.74458874458875,231,w10
627,Chemistry 14A,peers_respect,79.65367965367966,231,w10
628,Chemistry 14A,study_buddy,82.68398268398268,231,w10
629,Chemistry 14A,supported_department,87.01298701298701,231,w10
630,Chemistry 14A,work_in_groups,77.92207792207793,231,w10
631,Chemistry 14AE,be_myself,75.67567567567568,37,w10
632,Chemistry 14AE,belong,75.67567567567568,37,w10
633,Chemistry 14AE,continuing,72.97297297297297,37,w10
634,Chemistry 14AE,contributions_valued,72.97297297297297,37,w10
635,Chemistry 14AE,instructor_cares,91.8918918918919,37,w10
636,Chemistry 14AE,part_of_community,78.37837837837837,37,w10
637,Chemistry 14AE,peers_respect,83.78378378378379,37,w10
638,Chemistry 14AE,study_buddy,83.78378378378379,37,w10
639,Chemistry 14AE,supported_department,70.27027027027027,37,w10
640,Chemistry 14AE,work_in_groups,97.2972972972973,37,w10
641,Chemistry 14B,be_myself,72.54901960784314,51,w10
642,Chemistry 14B,belong,80.3921568627451,51,w10
643,Chemistry 14B,continuing,47.05882352941176,51,w10
644,Chemistry 14B,contributions_valued,45.09803921568628,51,w10
645,Chemistry 14B,instructor_cares,72.54901960784314,51,w10
646,Chemistry 14B,part_of_community,74.50980392156863,51,w10
647,Chemistry 14B,peers_respect,68.62745098039215,51,w10
648,Chemistry 14B,study_buddy,84.31372549019608,51,w10
649,Chemistry 14B,supported_department,50.98039215686274,51,w10
650,Chemistry 14B,work_in_groups,68.62745098039215,51,w10
651,Chemistry 14BL,be_myself,79.78339350180505,277,w10
652,Chemistry 14BL,belong,75.09025270758123,277,w10
653,Chemistry 14BL,continuing,53.42960288808665,277,w10
654,Chemistry 14BL,contributions_valued,68.23104693140795,277,w10
655,Chemistry 14BL,instructor_cares,74.72924187725631,277,w10
656,Chemistry 14BL,part_of_community,73.28519855595668,277,w10
657,Chemistry 14BL,peers_respect,83.03249097472924,277,w10
658,Chemistry 14BL,study_buddy,76.89530685920577,277,w10
659,Chemistry 14BL,supported_department,68.59205776173285,277,w10
660,Chemistry 14BL,work_in_groups,84.47653429602889,277,w10
661,Chemistry 14C,be_myself,100.0,1,w10
662,Chemistry 14C,belong,100.0,1,w10
663,Chemistry 14C,continuing,100.0,1,w10
664,Chemistry 14C,contributions_valued,100.0,1,w10
665,Chemistry 14C,instructor_cares,100.0,1,w10
666,Chemistry 14C,part_of_community,100.0,1,w10
667,Chemistry 14C,peers_respect,100.0,1,w10
668,Chemistry 14C,study_buddy,100.0,1,w10
669,Chemistry 14C,supported_department,100.0,1,w10
670,Chemistry 14C,work_in_groups,100.0,1,w10
671,Chemistry 14CL,be_myself,0.0,1,w10
672,Chemistry 14CL,belong,0.0,1,w10
673,Chemistry 14CL,continuing,0.0,1,w10
674,Chemistry 14CL,contributions_valued,0.0,1,w10
675,Chemistry 14CL,instructor_cares,0.0,1,w10
676,Chemistry 14CL,part_of_community,0.0,1,w10
677,Chemistry 14CL,peers_respect,100.0,1,w10
678,Chemistry 14CL,study_buddy,0.0,1,w10
679,Chemistry 14CL,supported_department,0.0,1,w10
680,Chemistry 14CL,work_in_groups,100.0,1,w10
681,Chemistry 14D,be_myself,77.6978417266187,278,w10
682,Chemistry 14D,belong,78.77697841726618,278,w10
683,Chemistry 14D,continuing,61.15107913669065,278,w10
684,Chemistry 14D,contributions_valued,57.55395683453237,278,w10
685,Chemistry 14D,instructor_cares,88.48920863309353,278,w10
686,Chemistry 14D,part_of_community,71.94244604316546,278,w10
687,Chemistry 14D,peers_respect,75.53956834532374,278,w10
688,Chemistry 14D,study_buddy,78.41726618705036,278,w10
689,Chemistry 14D,supported_department,66.90647482014388,278,w10
690,Chemistry 14D,work_in_groups,73.38129496402878,278,w10
691,Chemistry 20A,be_myself,83.33333333333334,156,w10
692,Chemistry 20A,belong,91.02564102564102,156,w10
693,Chemistry 20A,continuing,68.58974358974359,156,w10
694,Chemistry 20A,contributions_valued,69.87179487179486,156,w10
695,Chemistry 20A,instructor_cares,98.71794871794873,156,w10
696,Chemistry 20A,part_of_community,81.41025641025641,156,w10
697,Chemistry 20A,peers_respect,74.35897435897436,156,w10
698,Chemistry 20A,study_buddy,85.25641025641025,156,w10
699,Chemistry 20A,supported_department,85.8974358974359,156,w10
700,Chemistry 20A,work_in_groups,67.94871794871796,156,w10
701,Chemistry 30A,be_myself,68.42105263157895,19,w10
702,Chemistry 30A,belong,57.89473684210527,19,w10
703,Chemistry 30A,continuing,78.94736842105263,19,w10
704,Chemistry 30A,contributions_valued,57.89473684210527,19,w10
705,Chemistry 30A,instructor_cares,78.94736842105263,19,w10
706,Chemistry 30A,part_of_community,52.63157894736842,19,w10
707,Chemistry 30A,peers_respect,73.68421052631578,19,w10
708,Chemistry 30A,study_buddy,68.42105263157895,19,w10
709,Chemistry 30A,supported_department,57.89473684210527,19,w10
710,Chemistry 30A,work_in_groups,68.42105263157895,19,w10
711,Chemistry 30AL,be_myself,66.66666666666666,3,w10
712,Chemistry 30AL,belong,100.0,3,w10
713,Chemistry 30AL,continuing,100.0,3,w10
714,Chemistry 30AL,contributions_valued,100.0,3,w10
715,Chemistry 30AL,instructor_cares,100.0,3,w10
716,Chemistry 30AL,part_of_community,100.0,3,w10
717,Chemistry 30AL,peers_respect,66.66666666666666,3,w10
718,Chemistry 30AL,study_buddy,66.66666666666666,3,w10
719,Chemistry 30AL,supported_department,66.66666666666666,3,w10
720,Chemistry 30AL,work_in_groups,66.66666666666666,3,w10
721,Chemistry 30B,be_myself,83.08457711442786,201,w10
722,Chemistry 30B,belong,83.08457711442786,201,w10
723,Chemistry 30B,continuing,82.08955223880598,201,w10
724,Chemistry 30B,contributions_valued,59.70149253731343,201,w10
725,Chemistry 30B,instructor_cares,89.05472636815921,201,w10
726,Chemistry 30B,part_of_community,80.59701492537313,201,w10
727,Chemistry 30B,peers_respect,74.12935323383084,201,w10
728,Chemistry 30B,study_buddy,82.58706467661692,201,w10
729,Chemistry 30B,supported_department,71.64179104477611,201,w10
730,Chemistry 30B,work_in_groups,77.61194029850746,201,w10
731,Chemistry 30BL,be_myself,94.11764705882352,17,w10
732,Chemistry 30BL,belong,88.23529411764706,17,w10
733,Chemistry 30BL,continuing,94.11764705882352,17,w10
734,Chemistry 30BL,contributions_valued,76.47058823529412,17,w10
735,Chemistry 30BL,instructor_cares,94.11764705882352,17,w10
736,Chemistry 30BL,part_of_community,94.11764705882352,17,w10
737,Chemistry 30BL,peers_respect,82.35294117647058,17,w10
738,Chemistry 30BL,study_buddy,82.35294117647058,17,w10
739,Chemistry 30BL,supported_department,82.35294117647058,17,w10
740,Chemistry 30BL,work_in_groups,94.11764705882352,17,w10
741,Chemistry 30C,be_myself,83.33333333333334,6,w10
742,Chemistry 30C,belong,83.33333333333334,6,w10
743,Chemistry 30C,continuing,83.33333333333334,6,w10
744,Chemistry 30C,contributions_valued,83.33333333333334,6,w10
745,Chemistry 30C,instructor_cares,83.33333333333334,6,w10
746,Chemistry 30C,part_of_community,83.33333333333334,6,w10
747,Chemistry 30C,peers_respect,100.0,6,w10
748,Chemistry 30C,study_buddy,100.0,6,w10
749,Chemistry 30C,supported_department,83.33333333333334,6,w10
750,Chemistry 30C,work_in_groups,83.33333333333334,6,w10
